"Incident Date",State,"City Or County",Address,"# Killed","# Injured",Operations
"December 26, 2018",Mississippi,Goodman,"91 Cedar Grove Dr",1,0,N/A
"December 26, 2018",Florida,"Lake City","200 block of SE Anastasia St",1,0,N/A
"December 25, 2018","West Virginia","Montana Mines",N/A,1,0,N/A
"December 23, 2018",Florida,"Saint Petersburg","Central Ave and 58th St",1,0,N/A
"December 22, 2018","South Carolina","Gresham (Brittons Neck)","SC 908",1,0,N/A
"December 22, 2018",Texas,"San Antonio","4615 Gardendale",1,0,N/A
"December 20, 2018",Tennessee,Memphis,"4300 block of Eastwind St",1,0,N/A
"December 19, 2018",Missouri,Columbia,"1000 block of Claudell Ln",1,0,N/A
"December 16, 2018","North Carolina","Carthage (Whispering Pines)","1900 block of Airport Rd",1,0,N/A
"December 15, 2018",Oklahoma,Bartlesville,"1700 block of Country Rd",1,0,N/A
"December 15, 2018",Texas,Houston,"13000 block of Duncum St",1,0,N/A
"December 14, 2018",Missouri,Florissant,"13 Holly Ln",1,0,N/A
"December 14, 2018",Mississippi,Waynesboro,"Mississippi Dr and Robinson St",1,0,N/A
"December 14, 2018",Michigan,Roseville,"16415 Dort St",1,0,N/A
"December 14, 2018",Louisiana,Alexandria,"3900 block of Baker St",1,0,N/A
"December 11, 2018",Illinois,"Round Lake","600 block of W Nippersink Rd",1,0,N/A
"December 10, 2018",Louisiana,Lafayette,"500 Fisher Rd",1,0,N/A
"December 10, 2018",Tennessee,Nashville,"449 Cedarcliff Rd",1,1,N/A
"December 9, 2018",Iowa,"Marion (county)",N/A,1,0,N/A
"December 9, 2018",Iowa,Pella,"1519 Hwy G 28",1,0,N/A
"December 9, 2018",Iowa,Urbandale,"4022 70th St",1,0,N/A
"December 9, 2018","New York",Barton,"Miller Hollow Rd",1,0,N/A
"December 9, 2018",Oklahoma,Tulsa,"1130 E 23rd St",1,0,N/A
"December 8, 2018",Pennsylvania,"New Castle","400 block of N Liberty St",1,0,N/A
"December 8, 2018",Illinois,Danville,"800 block of Warrington Ave",1,0,N/A
"December 6, 2018",Florida,Hilliard,"17053 Oak Hill Rd",1,0,N/A
"December 5, 2018",Virginia,Ivor,"Sadler Rd",1,0,N/A
"December 4, 2018",Texas,Dallas,"1800 block of Bickers St",1,0,N/A
"December 3, 2018",Illinois,"East Saint Louis","1100 block of N 13th St",1,0,N/A
"December 1, 2018",Colorado,"Colorado Springs","3600 block of Saguaro Cir",1,0,N/A
"November 30, 2018",Arkansas,"Little Rock","2119 Fair Park Blvd",1,0,N/A
"November 30, 2018",Washington,Edmonds,"7400 block of 208th St SW",1,0,N/A
"November 29, 2018",Indiana,Lebanon,"300 block of N Park St",1,0,N/A
"November 28, 2018",Ohio,Akron,"262 Grand Ave",1,1,N/A
"November 25, 2018",Ohio,Ashtabula,"OH 45 and N Bend Rd",1,0,N/A
"November 24, 2018","South Carolina",Anderson,"1101 Williamston Rd",1,0,N/A
"November 24, 2018",Oregon,Harrisburg,N/A,1,0,N/A
"November 24, 2018",Alabama,Tuscaloosa,"900 block of Parkview Dr",1,0,N/A
"November 22, 2018",Georgia,Savannah,"900 block of E 35th St",1,0,N/A
"November 21, 2018",Florida,"Homosassa Springs","6000 block of W Wayward Wind Loop",1,0,N/A
"November 20, 2018","North Carolina","Mount Olive","348 Slapout Rd",1,0,N/A
"November 18, 2018","North Carolina","Winston Salem (Winston-salem)","5013 Eltha Dr",1,0,N/A
"November 18, 2018",Texas,Dallas,"9600 block of Beckleycrest Ave",1,0,N/A
"November 17, 2018",Arkansas,Lamar,"Cabin Creek Ave",1,0,N/A
"November 17, 2018",Texas,"Roanoke (Northlake)","1400 block of Tumbleweed Tr",1,0,N/A
"November 16, 2018",Michigan,"Mass City",N/A,1,0,N/A
"November 15, 2018","New York",Corinth,"7 Raymond St",1,0,N/A
"November 15, 2018",Georgia,Jonesboro,"300 block of Blackhawk Tr",1,0,N/A
"November 15, 2018",Michigan,Alden,"W Elder Rd and SE Torch Lake Dr",1,0,N/A
"November 14, 2018",Arizona,Phoenix,"1510 S 19th Dr",1,0,N/A
"November 14, 2018",Alabama,Collegeville,"31st St N",1,0,N/A
"November 13, 2018",Louisiana,Jackson,"2800 block of Charles Drive",1,0,N/A
"November 12, 2018",Illinois,Decatur,"1100 block of N Main St",1,0,N/A
"November 11, 2018",Idaho,Lapwai,"Soldiers Meadow Rd",1,0,N/A
"November 11, 2018",Arkansas,Oark,N/A,1,0,N/A
"November 10, 2018",Nevada,"Las Vegas","2700 block of W Wigwam Ave",1,1,N/A
"November 10, 2018",Missouri,"Walnut Grove","N Farm Rd 81",1,0,N/A
"November 10, 2018",Louisiana,Slidell,N/A,1,0,N/A
"November 10, 2018",Minnesota,"Sugar Bush Township",N/A,1,0,N/A
"November 10, 2018",Missouri,Lewistown,"19920 State Hwy Y",1,0,N/A
"November 10, 2018",Nebraska,Valley,N/A,1,0,N/A
"November 9, 2018",Tennessee,Cookeville,N/A,1,0,N/A
"November 9, 2018","New York",Byron,"6409 Byron Holley Rd",1,0,N/A
"November 8, 2018",Arkansas,Camden,"1516 Copeland St",1,0,N/A
"November 6, 2018",Missouri,Clinton,"500 block of South 11 St. Terrace",1,0,N/A
"November 5, 2018",Colorado,Granby,"Co Rd 41",1,0,N/A
"November 4, 2018",Washington,Spokane,"7800 block of N Morton Ave",1,0,N/A
"November 4, 2018",Alabama,Prattville,"100 block of Laurel Hill Drive",1,0,N/A
"November 4, 2018",Florida,"Oak Hill","232 N Brooks Cir",1,0,N/A
"November 2, 2018",Montana,"Madison (county)",N/A,1,0,N/A
"November 2, 2018",Louisiana,Ragley,"Topsy Bel Rd",1,0,N/A
"October 31, 2018",Wisconsin,Milwaukee,"100th St and Fiebrantz Ave",1,0,N/A
"October 30, 2018","New York",Keene,"Lacey Rd",1,0,N/A
"October 29, 2018",Alabama,Fairfield,"6500 block of Forest Dr",1,0,N/A
"October 25, 2018","West Virginia",Princeton,"1 Stafford Dr",1,0,N/A
"October 21, 2018",Colorado,"Colorado Springs","1500 block of Hartford St",1,0,N/A
"October 21, 2018",Tennessee,"Saint Joseph","3825 US-43",1,0,N/A
"October 21, 2018",Colorado,"Colorado Springs","Hartford St",1,0,N/A
"October 21, 2018",Montana,Helena,"1700 Cedar St",1,0,N/A
"October 18, 2018",Washington,Ellensburg,"2600 block of Ellington St",2,0,N/A
"October 18, 2018",Alabama,Huntsville,"102 Winchester Rd",1,0,N/A
"October 17, 2018",Wisconsin,"Sussex (Lisbon)",N/A,1,0,N/A
"October 17, 2018",Texas,"San Antonio","200 block of Roberts St",1,1,N/A
"October 14, 2018","New Jersey",Camden,"2500 block of Baird Blvd",1,0,N/A
"October 10, 2018","North Carolina",Fayetteville,"1000 block of Wood Creek Dr",1,0,N/A
"October 8, 2018",Ohio,Columbus,"5000 block of Labelle Dr",1,0,N/A
"October 8, 2018",Virginia,"Henrico (Highland Springs)","203 S Holly Ave",1,0,N/A
"October 7, 2018",Texas,Waelder,"9797 TX-97",1,0,N/A
"October 7, 2018","New York",Gansevoort,"776 Saratoga Rd",1,0,N/A
"October 7, 2018",Texas,Dallas,"4849 Haverwood Ln",1,0,N/A
"October 7, 2018",Ohio,Dublin,"2500 block of Brendel Dr",1,0,N/A
"October 6, 2018",Nebraska,Bellevue,"1719 Scarborough Dr",1,0,N/A
"October 5, 2018",Ohio,"Cincinnati (Mount Healthy)","7840 Clovernook Avenue",1,0,N/A
"October 3, 2018","North Dakota",Bottineau,"9600 block 12th Ave NE",1,0,N/A
"October 2, 2018",Virginia,Hampton,"18 E Mellen St",1,0,N/A
"October 1, 2018",Tennessee,Memphis,"3000 block of Willow Oak Rd",1,0,N/A
"September 30, 2018","North Carolina","Winston Salem (Winston-salem)","2911 Edwards Street",1,0,N/A
"September 30, 2018",Tennessee,Memphis,"800 block of N Highland St",1,1,N/A
"September 30, 2018",Idaho,Caldwell,"100 block of W Oak St",1,0,N/A
"September 30, 2018",Texas,"Humble (Atascocita)","6700 block of Atasca Dr",1,0,N/A
"September 29, 2018",Georgia,Bonaire,"Franklin Sq",1,0,N/A
"September 29, 2018",Alaska,Palmer,"855 W Fern Ave",1,0,N/A
"September 28, 2018",Florida,Taft,"1000 block of 4th St",1,0,N/A
"September 27, 2018",Texas,Rusk,"FM 1209",1,0,N/A
"September 24, 2018","South Carolina",Warrenville,"1100 block of Oxpens Rd",1,0,N/A
"September 24, 2018",Hawaii,Pahoa,"Weston Way",1,0,N/A
"September 23, 2018",Utah,"Rich (county)",N/A,1,0,N/A
"September 22, 2018",Arkansas,"Little Rock","5207 Wycliffe Dr",1,0,N/A
"September 22, 2018",Michigan,Linden,"16000 block of Seymour Rd",1,0,N/A
"September 18, 2018",Ohio,Bellevue,"200 block of Kilbourne St",1,0,N/A
"September 17, 2018",Louisiana,Livingston,"18000 block of Murphy Estate Ln",1,0,N/A
"September 16, 2018",Arkansas,Bono,"Co Rd 361",1,0,N/A
"September 15, 2018",California,"San Francisco","1100 block of Polk St",1,0,N/A
"September 15, 2018",Texas,"San Antonio",N/A,1,0,N/A
"September 13, 2018","South Carolina",Anderson,"700 block of Sterling Dr",1,0,N/A
"September 10, 2018",Arizona,Tempe,"S Rural Rd and E Divot Dr",1,0,N/A
"September 8, 2018",Minnesota,Ashby,MN-78,1,0,N/A
"September 8, 2018",Mississippi,Stringer,"2300 Block of County Rd",1,0,N/A
"September 6, 2018",Texas,Dallas,"1210 S Lamar St",1,0,N/A
"September 4, 2018",Kentucky,"Smiths Grove","223 Buck Creek Rd",1,0,N/A
"September 3, 2018","South Dakota","Sioux Falls","N Galaxy Ln and Cushman St",1,0,N/A
"September 1, 2018",Tennessee,"Coffee (county)",N/A,1,0,N/A
"August 31, 2018",Kentucky,Totz,"63 Totz Loop",1,0,N/A
"August 29, 2018",Ohio,"Cincinnati (Mount Carmel)","4200 block of Beechmont Dr",1,0,N/A
"August 28, 2018",Maryland,"Halethorpe (Lansdowne)","3100 block of Bero Rd",1,0,N/A
"August 26, 2018",Illinois,Kankakee,N/A,1,0,N/A
"August 25, 2018",Texas,Houston,"5800 block of Birchmont Dr",1,0,N/A
"August 25, 2018",Texas,Karnack,"Mossy Brake Rd",1,0,N/A
"August 24, 2018","West Virginia",Alderson,"Mount Vernon Rd",1,0,N/A
"August 23, 2018",Georgia,Decatur,"I-285 and Flat Shoals Rd",1,0,N/A
"August 22, 2018","New Hampshire",Manchester,"22 Bridge St",1,0,N/A
"August 21, 2018",Arkansas,"Lake Village","1379 Sixteen Section Rd",1,0,N/A
"August 21, 2018",Tennessee,Clarksville,"Eastern Hills Dr",1,0,N/A
"August 20, 2018",Michigan,"Muskegon (Muskegon Heights)","2500 block of Elwood St",1,0,N/A
"August 19, 2018",Tennessee,Clarksville,"Granny White Rd",1,0,N/A
"August 19, 2018",Texas,Pflugerville,"1908 W Pecan St",1,0,N/A
"August 17, 2018",Louisiana,"West Monroe","Philpot Rd",1,0,N/A
"August 16, 2018",Virginia,Richmond,"5600 block of Handel Ct",1,0,N/A
"August 15, 2018",Kentucky,Louisville,"1708 S 32nd St",1,0,N/A
"August 15, 2018",Ohio,Columbus,"1200 block of Berkeley Rd",1,0,N/A
"August 14, 2018",Michigan,Pontiac,"40 block of Sallee Ln",1,0,N/A
"August 14, 2018",Washington,"Seattle (Burien)","12600 block of 12th Avenue South",1,0,N/A
"August 11, 2018",Kentucky,Corbin,"Peggy Lane",1,0,N/A
"August 10, 2018",Michigan,Detroit,"11000 block of Hubbell Avenue",1,0,N/A
"August 9, 2018",Ohio,Barberton,"27th Street Northwest",1,0,N/A
"August 8, 2018",Tennessee,"La Follette (LaFollette)","2221 Jacksboro Pike",1,0,N/A
"August 5, 2018",Texas,Weatherford,"100 block of Dill Rd",1,0,N/A
"August 4, 2018",Tennessee,"Big Rock","400 block of Highway 120",1,0,N/A
"August 3, 2018",Alabama,Arley,"Co Rd 41 and Co Rd 3812",1,0,N/A
"August 3, 2018",Delaware,Wilmington,"1300 block of E 27th St",1,0,N/A
"August 2, 2018","North Carolina","Winston Salem (Winston-salem)","605 W 23rd St",1,0,N/A
"July 28, 2018","North Carolina",Hickory,"1800 block of 13th Ave NE",1,0,N/A
"July 28, 2018",Georgia,Savannah,"600 block of Plantation Dr",1,0,N/A
"July 28, 2018",Missouri,"Florissant (Black Jack)","4700 block of Bristol Rock Rd",1,0,N/A
"July 27, 2018","North Carolina",Marion,"Reid St",1,0,N/A
"July 27, 2018",Arkansas,"Benton (Haskell)","Meadow Creek Ct",1,0,N/A
"July 27, 2018",Alaska,Anchorage,"900 block of Chugach Way",1,0,N/A
"July 26, 2018",Arkansas,"Cotton Plant (Maberry)","CR 794",1,0,N/A
"July 24, 2018",Maine,Oakland,"19 Church St",1,0,N/A
"July 24, 2018",Texas,Conroe,"1100 S Loop 336",1,0,N/A
"July 20, 2018",California,"San Bernardino (Muscoy)","2700 block of Duffy St",1,0,N/A
"July 20, 2018",Oregon,"Rocky Point",N/A,1,0,N/A
"July 15, 2018",Ohio,Cleveland,"6500 block of Newman Ave",1,0,N/A
"July 15, 2018",Oklahoma,Bethany,"2004 N Wilburn Ave",1,0,N/A
"July 14, 2018",Michigan,"Muskegon (Muskegon Heights)","Wood St",1,0,N/A
"July 13, 2018",Indiana,Salem,"5000 block of S PD Baker Rd",1,0,N/A
"July 12, 2018",Georgia,"Warner Robins","100 block of Windsor Dr",1,0,N/A
"July 10, 2018",Oklahoma,"Oklahoma City","2400 block of S St Clair Ave",1,0,N/A
"July 9, 2018",Michigan,Pontiac,"100 block of Willard St",1,0,N/A
"July 8, 2018",Texas,Houston,"8400 block of Knox St",1,0,N/A
"July 8, 2018",Georgia,Columbus,"6029 Flat Rock Rd",1,0,N/A
"July 7, 2018",Missouri,Columbia,"700 block of Hulen Dr",1,0,N/A
"July 7, 2018",Georgia,Augusta,"3100 block of Skinner Mill Rd",1,0,N/A
"July 7, 2018",California,Fresno,"382 W Audubon Drive",1,0,N/A
"July 5, 2018",Washington,"Kent (Covington)","17400 block of SE Wax Rd",1,0,N/A
"July 5, 2018","New Mexico",Clovis,N/A,1,0,N/A
"July 5, 2018",Louisiana,Chalmette,"500 block of Pierre St",1,0,N/A
"July 5, 2018",Virginia,Alexandria,"8400 block of Del Norte Court",1,0,N/A
"July 4, 2018",Tennessee,Woodbury,"3175 Pleasant Ridge Road",1,0,N/A
"July 4, 2018",Colorado,"Fort Collins","800 block of Merganser Dr",1,0,N/A
"July 3, 2018",Georgia,Roswell,"1275 Upper Hembree Rd",1,1,N/A
"July 2, 2018",Tennessee,Chattanooga,"7710 E Brainerd Rd",1,0,N/A
"July 2, 2018",Missouri,Hartville,"Abrams Rd",1,0,N/A
"June 30, 2018",Kansas,Wichita,"2200 block of S Main St",1,0,N/A
"June 30, 2018",Mississippi,Carthage,"Martin Luther King Dr",1,0,N/A
"June 29, 2018",Texas,Beaumont,N/A,1,0,N/A
"June 27, 2018",Georgia,Lagrange,"Lexington Park Dr",1,0,N/A
"June 27, 2018",Georgia,Savannah,"600 block of Plantation Dr",1,0,N/A
"June 26, 2018",Missouri,Monett,"500 block of Pleasant Dr",1,0,N/A
"June 26, 2018",Massachusetts,Dighton,"475 Forest St",1,0,N/A
"June 23, 2018","New York",Bronx,"1560 Watson Ave",1,0,N/A
"June 23, 2018",Louisiana,Oakdale,"Prater St",1,0,N/A
"June 23, 2018","North Carolina","Haw River","2700 block of Culberson Lane",1,0,N/A
"June 20, 2018",Alabama,Lafayette,"Chambers County 176",1,0,N/A
"June 13, 2018",Wisconsin,Madison,"4402 E Buckeye Rd",1,0,N/A
"June 13, 2018","South Dakota",Keystone,"400 block of 1st St",1,0,N/A
"June 13, 2018",Arkansas,Flippin,"27 MC 7088",1,0,N/A
"June 12, 2018",Tennessee,Memphis,"3131 Madewell St",1,0,N/A
"June 12, 2018",Missouri,"Saint Joseph","1909 S 12th St",1,0,N/A
"June 11, 2018","North Carolina",Taylorsville,"Will Wilson Ln",1,0,N/A
"June 8, 2018",Texas,"Big Spring","1800 block of Nolan St",1,0,N/A
"June 7, 2018",Mississippi,Greenville,N/A,1,0,N/A
"June 7, 2018",Texas,Beaumont,"5600 block of Concord Rd",1,0,N/A
"June 7, 2018",Oregon,"Silver Lake","Bowens Ln",1,0,N/A
"June 6, 2018",Georgia,Riverdale,"Adel Ln",1,0,N/A
"June 5, 2018",Kentucky,Elizabethtown,"43 West Airview Dr",1,0,N/A
"June 5, 2018",Arizona,Glendale,"67th Ave and Bethany Home Rd",1,0,N/A
"June 4, 2018",Ohio,Dayton,"2500 block of Wheeler Ave",1,0,N/A
"June 4, 2018",Indiana,Lebanon,"1400 block of W South St",1,0,N/A
"June 3, 2018",Washington,Bellevue,"625 116th Ave NE",1,0,N/A
"June 1, 2018",Washington,"Seattle (Seatac)","14700 Block of 29th Pl S",1,0,N/A
"May 31, 2018",Washington,"Federal Way","29600 block of Fourth Ave S",1,0,N/A
"May 30, 2018",Nevada,"Las Vegas","3975 North Nellis Blvd",1,0,N/A
"May 29, 2018",Arizona,Tucson,"3700 block of N Campbell Ave",1,0,N/A
"May 28, 2018",Iowa,"Des Moines","1500 block of Walker St",1,0,N/A
"May 27, 2018",Florida,"Fort Lauderdale (Dania Beach)","339 SW 14th St",1,0,N/A
"May 27, 2018",Washington,"Cle Elum","Sandy Ridge Rd",1,0,N/A
"May 27, 2018",Pennsylvania,"New Bloomfield","1600 block of Jericho Rd",1,0,N/A
"May 26, 2018",Louisiana,"Lake Charles (Moss Bluff)","Koonce Rd",1,0,N/A
"May 26, 2018",Illinois,Chicago,"800 block of E 49th St",1,0,N/A
"May 26, 2018",Utah,"Salt Lake City (West Valley City)","2700 S Fair Isle Ln",1,0,N/A
"May 25, 2018",Louisiana,"Baton Rouge","3500 block of of Victoria Dr",1,0,N/A
"May 25, 2018",Pennsylvania,Erie,"400 block of W 8th St",1,0,N/A
"May 22, 2018",Virginia,Roanoke,"3400 block of Bennett Dr",1,0,N/A
"May 22, 2018",Virginia,Louisa,"Bakers Branch Rd",1,0,N/A
"May 22, 2018",Nebraska,Burwell,"46164 Halfway Rd",1,0,N/A
"May 22, 2018",Nebraska,Taylor,N/A,1,0,N/A
"May 21, 2018",Alabama,Birmingham,"200 block of Tucker Ave",1,0,N/A
"May 19, 2018",Pennsylvania,"Lock Haven","10 block of N Henderson St",1,0,N/A
"May 19, 2018",Alabama,Dothan,"2100 block of Baker Trace",1,0,N/A
"May 18, 2018",Oklahoma,Tulsa,"2600 block of E Oklahoma St",1,0,N/A
"May 16, 2018",Florida,Ocala,"807 SE 33rd Ave",1,0,N/A
"May 16, 2018",Minnesota,"Minneapolis (Plymouth)","6000 block of Shenandoah Ln",1,0,N/A
"May 14, 2018",Mississippi,Meridian,"2427 4th Ave",1,0,N/A
"May 13, 2018","New Hampshire",Keene,"132 Washington St",1,0,N/A
"May 13, 2018",California,"Santa Cruz","515 Beach St",1,0,N/A
"May 13, 2018",Tennessee,Memphis,N/A,1,0,N/A
"May 13, 2018",Arizona,Mesa,"540 S Country Club Rd",1,0,N/A
"May 12, 2018",Illinois,Rockford,"1100 block of Fairview Ave",1,0,N/A
"May 12, 2018",Texas,Rockwall,"1100 block of Fairview Dr",1,0,N/A
"May 12, 2018",Kansas,Wichita,"1900 block of W McCormick St",1,0,N/A
"May 10, 2018",Iowa,Clarksville,N/A,1,0,N/A
"May 9, 2018",Texas,Houston,"3230 W Little York Rd",1,1,N/A
"May 9, 2018","West Virginia",Huntington,"800 block of 11th Ave",1,0,N/A
"May 9, 2018",Idaho,Shoshone,"210 N Rail St W",1,0,N/A
"May 8, 2018",California,"Pacoima (Arleta)","San Fernando Road",1,0,N/A
"May 7, 2018",Michigan,"Six Lakes","10020 Musson Rd",1,0,N/A
"May 7, 2018",Virginia,Richmond,"200 block of N Laburnum Ave",1,0,N/A
"May 6, 2018",Georgia,Albany,"500 block of 9th Ave",1,0,N/A
"May 4, 2018","South Carolina",Walterboro,"Robinson Rd",1,0,N/A
"May 1, 2018",Texas,"Corpus Christi","204 Blevins Street",1,1,N/A
"April 30, 2018",Texas,Christine,N/A,1,1,N/A
"April 28, 2018",Washington,"Pe Ell","500 block of 3rd St",1,0,N/A
"April 24, 2018",Texas,Madisonville,"101 N May St",1,0,N/A
"April 21, 2018",Colorado,Olathe,"Traver Trail",1,0,N/A
"April 21, 2018",Florida,Deltona,"Corrigan Dr",1,0,N/A
"April 20, 2018",Ohio,Wickliffe,"28611 Euclid Avenue",1,0,N/A
"April 20, 2018",Indiana,Bedford,"811 Constitution Ave",1,0,N/A
"April 18, 2018",Tennessee,Englewood,"TN 39",1,0,N/A
"April 16, 2018",Virginia,Roanoke,"5000 block of King Arthur Ct NW",1,0,N/A
"April 15, 2018",Indiana,"Fort Wayne","2700 block of Chestnut St",1,1,N/A
"April 15, 2018",Pennsylvania,Lancaster,"216 E Liberty St",1,0,N/A
"April 14, 2018",Pennsylvania,Philadelphia,"5800 block of Woodbine Ave",1,0,N/A
"April 14, 2018",Michigan,Charlevoix,"May St",1,0,N/A
"April 8, 2018",Michigan,Detroit,"3700 block of Rolfs Pl",1,0,N/A
"April 5, 2018",Maryland,Rawlings,"Benson Dr SW",1,0,N/A
"April 5, 2018",Michigan,"Benton Harbor","3634  Fieldtree Rd",1,0,N/A
"April 2, 2018",Michigan,Detroit,"17600 block of San Juan Dr",1,0,N/A
"March 31, 2018",Pennsylvania,Reading,"Kutztown Rd",1,0,N/A
"March 31, 2018",Texas,Bandera,"500 block of Enchanted River",1,0,N/A
"March 31, 2018",Pennsylvania,Temple,"4400 block of Kutztown Rd",1,0,N/A
"March 31, 2018",Missouri,"Saint Louis","3100 block of California Ave",1,0,N/A
"March 28, 2018",Indiana,"Terre Haute","Golf Bag Ln",1,0,N/A
"March 27, 2018",Oklahoma,Hartshorne,"516 N 6th St",1,0,N/A
"March 25, 2018",Alaska,"Barrow (Utqiagvik)",N/A,1,0,N/A
"March 25, 2018",Georgia,Brunswick,"104 Eagles Point Dr",1,0,N/A
"March 25, 2018",Michigan,Memphis,"13000 block of Dunn Rd",1,0,N/A
"March 24, 2018",Texas,Houston,"6500 block of Calder St",1,0,N/A
"March 21, 2018","South Carolina",Seneca,"Lands End Rd",1,0,N/A
"March 21, 2018",Texas,Martinsville,"TX 7",1,0,N/A
"March 20, 2018",Texas,"El Paso","12000 block of Desert View Dr",1,0,N/A
"March 15, 2018",Alabama,Warrior,"2400 block of Elvester Rd",1,1,N/A
"March 15, 2018",California,Newhall,"23121 Coltrane Ave",1,0,N/A
"March 13, 2018",Florida,Miami,"301 Michigan Ave",1,0,N/A
"March 12, 2018",Louisiana,"Lake Providence",N/A,1,0,N/A
"March 12, 2018",Alabama,Mobile,"8070 Domain St",1,0,N/A
"March 12, 2018",Alabama,Huntsville,"2120 Sparkman Dr NW",1,1,N/A
"March 12, 2018",Tennessee,Clarksville,"300 block of Ringgold Road",1,0,N/A
"March 12, 2018",Florida,"Miami Beach","300 block of Michigan Ave",1,0,N/A
"March 11, 2018",Washington,Tacoma,"5300 block of East N St",1,0,N/A
"March 10, 2018","South Carolina",Easley,"200 block of Courtney Dr",1,0,N/A
"March 10, 2018",Wisconsin,Milwaukee,"4500 block of N 38th St",1,0,N/A
"March 9, 2018",Maryland,Edgewood,"900 block of Woodbridge Ct",1,0,N/A
"March 7, 2018",Alabama,Birmingham,"950 Springville Rd",1,2,N/A
"March 4, 2018",California,Oroville,"CA 162 and CA 70",1,0,N/A
"March 4, 2018",Virginia,Unionville,"Marquis Rd",1,0,N/A
"March 4, 2018",Georgia,Atlanta,"800 block of Mercury Drive",1,0,N/A
"March 4, 2018",Michigan,Detroit,"1700 block of Vinewood St",1,0,N/A
"March 4, 2018",Oklahoma,Tulsa,"7400 block of W 34th St",1,0,N/A
"March 4, 2018",Texas,Houston,"302 West 23rd St",1,0,N/A
"March 2, 2018",Florida,"Pompano Beach","601 NE 21st St",1,0,N/A
"March 2, 2018",Colorado,Arboles,N/A,1,0,N/A
"February 25, 2018",Louisiana,Baker,"2400 block of McHugh Road",1,0,N/A
"February 25, 2018",Arkansas,"El Dorado","Forest Ln and Mount Holly Rd",1,0,N/A
"February 23, 2018",Louisiana,Monroe,"Curtis Rd and Swartz Fairbanks Rd",1,0,N/A
"February 22, 2018",Colorado,Westminster,"6980 Stuart St",1,0,N/A
"February 22, 2018",Ohio,Sandusky,"1100 block of Perry St",1,0,N/A
"February 21, 2018",Florida,Bradenton,"1000 block of Sixth Street East",1,0,N/A
"February 20, 2018","New Hampshire",Danville,"Emerald Dr",1,0,N/A
"February 20, 2018",Texas,"El Paso","7100 block of Dale Rd",1,0,N/A
"February 20, 2018",Alabama,Moulton,"Pinhook Rd",1,0,N/A
"February 20, 2018","North Carolina",Taylorsville,"Edd Burgess Rd",1,0,N/A
"February 18, 2018","South Carolina",Sumter,"Meadow Cir",1,0,N/A
"February 18, 2018",Arizona,"Sierra Vista","77 El Camino Real",1,0,N/A
"February 17, 2018",Florida,Orlando,"7461 Park Springs Cir",1,0,N/A
"February 16, 2018",Ohio,Ashtabula,"3100 block of Glover Dr",1,0,N/A
"February 15, 2018",California,"Santa Barbara","E Camino Cielo",1,0,N/A
"February 14, 2018",Louisiana,Westlake,"Clarence Street",1,0,N/A
"February 12, 2018",Illinois,Belleville,"141 Paulette Dr",1,0,N/A
"February 8, 2018",Florida,"Myakka City","14930 Albritton Rd",1,0,N/A
"February 8, 2018",Texas,Lubbock,"5010 I-27",1,0,N/A
"February 8, 2018",Alabama,Talladega,N/A,1,0,N/A
"February 7, 2018",Tennessee,Nashville,"1500 Porter Rd",1,0,N/A
"February 7, 2018","New York",Syracuse,"443 Shonnard St",1,0,N/A
"February 3, 2018",Mississippi,Gulfport,"4000 block of Ponderosa Dr",1,0,N/A
"February 3, 2018",California,"Santa Maria","600 block of W Polk St",1,0,N/A
"February 3, 2018",Louisiana,"Baton Rouge","4036 Hazelwood Dr",1,0,N/A
"January 31, 2018",Oregon,Warrenton,"33168 Patriot Way",1,0,N/A
"January 31, 2018",Connecticut,Guilford,"104 Seaside Ave",1,0,N/A
"January 28, 2018",Texas,Houston,"1400 block of W Gulf Bank Rd",1,0,N/A
"January 28, 2018",California,Norwalk,"15400 block of Lefloss Ave",1,0,N/A
"January 27, 2018",Texas,"Texas City","Lynn Cir and 29th St",1,0,N/A
"January 26, 2018",Florida,Marianna,"Townhouse Rd",1,0,N/A
"January 26, 2018","New Jersey","Egg Harbor Township","10 block of Woodrow Ave",1,0,N/A
"January 25, 2018",Texas,Houston,"7300 block of Elbert St",1,0,N/A
"January 25, 2018",Alabama,Athens,"2018 Levert Ave",1,0,N/A
"January 24, 2018",Texas,"Fort Worth","3900 block of Lawnwood St",1,0,N/A
"January 23, 2018",Alabama,Atmore,"Presswood Bridge Rd",1,0,N/A
"January 22, 2018",Oklahoma,Tulsa,"N Tacoma Ave and W Pine St",1,0,N/A
"January 21, 2018",Indiana,Campbellsburg,"7460 E County Rd 800 N",1,0,N/A
"January 20, 2018",California,Compton,"2876 W Alondra Blvd",1,0,N/A
"January 20, 2018",Indiana,Holton,N/A,1,0,N/A
"January 19, 2018",Michigan,Merrill,"246 S Johnson St",2,0,N/A
"January 19, 2018",Minnesota,Stillwater,"100 block of Bayberry Avenue Ct",1,0,N/A
"January 16, 2018",Georgia,Rome,"Bollen Ct",1,0,N/A
"January 15, 2018",Tennessee,Antioch,"100 Arbor Knoll Blvd",1,0,N/A
"January 14, 2018",Nebraska,Genoa,"N 390th Ave",1,0,N/A
"January 13, 2018",Wisconsin,"New Holstein","Co Hwy Q",1,0,N/A
"January 12, 2018","South Dakota",Watertown,"600 block of 1st Ave NW",1,0,N/A
"January 12, 2018","North Carolina","Leland (Belville)","Maple Branches Dr",1,0,N/A
"January 12, 2018",Mississippi,Jackson,"J. R. Lynch Street",1,0,N/A
"January 11, 2018","South Carolina","Rock Hill","247 Hands Mill Hwy",1,0,N/A
"January 3, 2018",Mississippi,Oxford,"1741 University Dr E",1,0,N/A
"January 2, 2018",Ohio,Akron,"500 Block of E Exchange St",1,0,N/A
"January 2, 2018",California,"Thousand Palms","28th Ave and Sierra del Sol",1,0,N/A
"January 2, 2018",Mississippi,"Bay Saint Louis","West Newtown St",1,0,N/A
"January 1, 2018",Tennessee,Knoxville,"Market Square",1,0,N/A
"January 1, 2018",Ohio,Youngstown,"Byron St",1,0,N/A
"January 1, 2018",Alabama,"Bessemer (Concord)","6400 block of William Dr",1,0,N/A
"January 1, 2018",Oregon,Sherwood,"23077 SW Main St",1,0,N/A
"December 31, 2017",Missouri,Florissant,"11300 block of Bristol Rock Rd",1,0,N/A
"December 31, 2017",Mississippi,Cleveland,N/A,1,0,N/A
"December 31, 2017",Virginia,Norfolk,"3700 block of Tait Terr",1,0,N/A
"December 31, 2017",Ohio,Groveport,"4000 block of Yukon Ave",1,0,N/A
"December 30, 2017",Washington,Auburn,"200 block of F St SW",1,0,N/A
"December 30, 2017",Texas,Hillsboro,"1000 block of E Walnut St",1,0,N/A
"December 28, 2017",Alabama,Brierfield,"12772 Montevallo Rd",1,0,N/A
"December 27, 2017",Kansas,Lawrence,"2310 W 26th St",1,0,N/A
"December 26, 2017",Illinois,Wilmington,"1800 S Water St",1,0,N/A
"December 25, 2017",California,Ontario,"1300 block of North Vine Ave",1,0,N/A
"December 24, 2017",Alabama,Cullman,"821 County Road 992",1,0,N/A
"December 22, 2017","New York",Guilford,"CR 35",1,0,N/A
"December 22, 2017",Maryland,Aquasco,"15500 block of Saint Phillips Rd",1,0,N/A
"December 21, 2017","South Carolina",Inman,"Stevens Ct",1,0,N/A
"December 20, 2017",Alabama,Montgomery,"1800 block of Foster St",1,0,N/A
"December 20, 2017",Minnesota,"Saint Paul","400 W Michigan St",1,0,N/A
"December 19, 2017",Arizona,Glendale,"Beardsley Rd and 67th Ave",1,0,N/A
"December 17, 2017",Texas,"Deer Park","1500 block of Wilson",1,0,N/A
"December 16, 2017",Florida,"Fort Lauderdale (Sunrise)","10100 block of NW 24th Pl",1,0,N/A
"December 15, 2017",Alabama,Odenville,"900 block of Maple Trace",1,0,N/A
"December 13, 2017",Ohio,Newcomerstown,"16978 Horseshoe Bend East Rd SE",1,0,N/A
"December 12, 2017",Texas,Cypress,"24815 US 290",1,0,N/A
"December 11, 2017",Missouri,Hazelwood,"6500 block of Serenity Circle",1,0,N/A
"December 10, 2017",Ohio,Dayton,"600 block of W Fairview Ave",1,0,N/A
"December 10, 2017",Utah,"Roosevelt (Ballard)",N/A,1,0,N/A
"December 9, 2017",Alabama,Anniston,"Paul St",1,0,N/A
"December 6, 2017",Texas,"Plantersville (Todd Mission)","12000 block of Mill Creek Dr",1,0,N/A
"December 6, 2017",Michigan,Detroit,"11000 block of Rossiter",1,0,N/A
"December 5, 2017",Tennessee,Lawrenceburg,"1015 Smith Ave",1,0,N/A
"December 5, 2017",Alaska,Anchorage,"5700 block of Rocky Mountain Ct",1,0,N/A
"December 4, 2017","New Mexico",Albuquerque,"5000 block of Azuelo Ave NW",1,0,N/A
"December 2, 2017",Texas,Houston,"Teanaway Ln and Tilgham St",1,0,N/A
"December 1, 2017",Pennsylvania,"Pittsburgh (Bloomfield)","38505 Church Rd",1,0,N/A
"November 30, 2017",Arizona,Phoenix,"Thomas Rd and 67th Ave",1,0,N/A
"November 27, 2017",Ohio,Conneaut,"Horton Rd",1,0,N/A
"November 26, 2017",Nevada,"West Wendover","800 Ash St",1,0,N/A
"November 25, 2017",Tennessee,"Memphis (Hickory Hill)","5900 block of Hickory Trace Cove",1,0,N/A
"November 25, 2017",Georgia,Jefferson,"Swann Road",1,0,N/A
"November 24, 2017",Missouri,Columbia,"2300 Bernadette Dr",1,0,N/A
"November 24, 2017",Texas,Bulverde,N/A,1,0,N/A
"November 24, 2017",Illinois,Delavan,"22000 Armington Rd",1,0,N/A
"November 22, 2017","New York",Sherman,"2998 Armenian Rd",1,0,N/A
"November 21, 2017",Louisiana,Moreauville,"10363 Bayou des Glaises St",1,0,N/A
"November 20, 2017","West Virginia","New Martinsville",N/A,1,0,N/A
"November 19, 2017",Indiana,Elizabeth,N/A,1,0,N/A
"November 19, 2017",Ohio,Republic,"8782 E TR 8",1,0,N/A
"November 18, 2017",Ohio,"West Chester","8600 block of Meadowview Dr",1,0,N/A
"November 18, 2017",Texas,Concepcion,"9000 block of CR 245",1,0,N/A
"November 17, 2017",Oregon,Roseburg,"300 block of Temple Brown Rd",1,0,N/A
"November 16, 2017",Colorado,Saguache,"CO 788",1,0,N/A
"November 13, 2017","North Carolina",Lillington,"2091 N.C. Highway 27",1,0,N/A
"November 13, 2017",Alabama,Adger,"Valley Ford Rd and Buford Rd",1,0,N/A
"November 12, 2017",Tennessee,Dresden,"Evergreen Street",1,0,N/A
"November 11, 2017",Minnesota,Aurora,"5800 block of Stepetz Road 53",1,0,N/A
"November 10, 2017",Tennessee,Memphis,"3527 S Mendenhall Rd",1,0,N/A
"November 9, 2017",Tennessee,Nashville,"2000 block of South Lyle Lane",1,0,N/A
"November 9, 2017",Pennsylvania,Philadelphia,"200 block of W Godfrey",1,0,N/A
"November 8, 2017",Texas,Kountze,"2600 block of FM 418",1,0,N/A
"November 5, 2017",Louisiana,Pitkin,N/A,1,0,N/A
"November 5, 2017",Washington,Selah,"500 block of Speyers Rd",1,0,N/A
"November 4, 2017","New Hampshire","Exeter (Brentwood)","Pine Rd",1,0,N/A
"November 2, 2017",Louisiana,Plaquemine,"Marshall St and Bubba St",1,0,N/A
"November 2, 2017",Connecticut,Wethersfield,"26-28 Alison Ln",1,0,N/A
"November 2, 2017",Virginia,Williamsburg,"1700 block of Skiffes Creek Circle",1,0,N/A
"November 2, 2017",Louisiana,Arnaudville,"1000 block of Kennedy Drive",1,0,N/A
"October 31, 2017",Mississippi,Columbus,"Poplar St",1,0,N/A
"October 31, 2017",Georgia,Atlanta,"300 Block of Fairburn Rd",1,0,N/A
"October 30, 2017",Maryland,"Glenn Dale","10400 Good Luck Rd",1,0,N/A
"October 29, 2017",Oklahoma,Lawton,"2100 block of NW Lincoln",1,0,N/A
"October 29, 2017",Illinois,Chicago,"6600 S Marquette Rd",1,0,N/A
"October 29, 2017",Indiana,Indianapolis,"8000 Wildwood Farms Dr",1,0,N/A
"October 29, 2017","New York","New York (Manhattan)","111 Wadsworth Ave",1,1,N/A
"October 29, 2017","New York",Syracuse,"119 Glenwood Ave",1,0,N/A
"October 28, 2017",Texas,"Fort Worth","5400 block of Wilson Rd",1,0,N/A
"October 28, 2017",Maine,Hebron,"490 Greenwood Mountain Rd",1,0,N/A
"October 26, 2017",Georgia,"Forest Park","Boca Grande Boulevard",1,0,N/A
"October 26, 2017",Arkansas,Altheimer,"700 block of Short Front St",1,0,N/A
"October 23, 2017",Alabama,Cullman,"Fox Meadow Trail",1,0,N/A
"October 23, 2017","New York",Greig,"7899 Woodcook Dr",1,0,N/A
"October 21, 2017",Pennsylvania,Bangor,"10124A Upper Little Creek Rd",1,0,N/A
"October 21, 2017",Oklahoma,Tulsa,"2600 block of 28th St",1,0,N/A
"October 20, 2017",Oregon,Sherwood,"19200 block of SW Cipole Rd",1,0,N/A
"October 20, 2017",Kentucky,Georgetown,"200 Block of North Court Street",1,0,N/A
"October 20, 2017","New York",Rochester,"Walnut St",1,0,N/A
"October 19, 2017",Kentucky,Nicholasville,N/A,1,0,N/A
"October 19, 2017",Kentucky,Covington,"E 6th St",1,0,N/A
"October 18, 2017",Indiana,Muncie,"420 E McGalliard Rd",1,0,N/A
"October 17, 2017","South Carolina",Warrenville,"Beckham Rd",1,0,N/A
"October 14, 2017",Illinois,Decatur,"1400 block of E Wellington Way",1,0,N/A
"October 14, 2017",Washington,Kelso,"1500 block of Carroll Rd",1,0,N/A
"October 11, 2017",Oklahoma,"Oklahoma City","1505 Kinkaid Dr",1,0,N/A
"October 11, 2017",Kentucky,Somerset,KY-1003,1,0,N/A
"October 9, 2017",Tennessee,Clarksville,"160 State Line Rd",1,0,N/A
"October 9, 2017","South Carolina","West Columbia","200 block of Hunters Mill Dr",1,0,N/A
"October 9, 2017",Michigan,Detroit,"Goodwin St and Caniff St",1,0,N/A
"October 8, 2017","North Carolina","Elizabeth City","S Desert Rd",1,0,N/A
"October 7, 2017",Missouri,"Saint Louis (University City)","6600 block of Bartmer Ave",1,0,N/A
"October 7, 2017",Kentucky,Hopkinsville,"Beaumont Ct",1,0,N/A
"October 7, 2017",Tennessee,Nashville,"N 7th St",1,0,N/A
"October 7, 2017",Utah,Santaquin,N/A,1,0,N/A
"October 6, 2017",Arkansas,Helena,"300 block of Dinan St",1,0,N/A
"October 6, 2017",Oklahoma,Wynnewood,"25803 N CR 3250",1,0,N/A
"October 5, 2017",Nebraska,Omaha,"183rd St and Emiline St",1,0,N/A
"October 3, 2017",Texas,Dallas,"Whitehurst Dr and Skillman St",1,0,N/A
"October 3, 2017",Florida,Orlando,"222 Neighborhood Market Rd",1,0,N/A
"October 3, 2017",Pennsylvania,Berwick,"W 2nd St",1,0,N/A
"October 2, 2017",Mississippi,Falkner,N/A,1,0,N/A
"October 1, 2017",Georgia,Augusta,"2300 Block of Barton Chapel Rd",1,0,N/A
"October 1, 2017",Indiana,Indianapolis,"1800 block of N Routiers Ave",1,0,N/A
"October 1, 2017","South Carolina",Bowman,N/A,1,0,N/A
"September 30, 2017",Florida,"Port Charlotte","Dorchester St",1,0,N/A
"September 30, 2017",Mississippi,"Horn Lake","Longwood Cove",1,1,N/A
"September 30, 2017",Texas,"Cleveland (Plum Grove)","CR 3560",1,0,N/A
"September 30, 2017",Georgia,Augusta,"2400 Block of Amsterdam Dr",1,0,N/A
"September 28, 2017",Texas,Tornillo,"19000 block of Highland",1,0,N/A
"September 28, 2017",Ohio,"Cleveland (Parma)","6600 block of Brownfield Dr",1,0,N/A
"September 26, 2017",Texas,Garland,"3700 block of Burning Tree Ln",1,0,N/A
"September 24, 2017","New York",Yonkers,"201 Warburton Ave",1,0,N/A
"September 23, 2017",Missouri,"Saint Louis","5400 block of Arlington Ave",1,0,N/A
"September 23, 2017",Missouri,Salem,"CR 621",1,0,N/A
"September 22, 2017",Kansas,Lawrence,"606 N Michigan St",1,0,N/A
"September 22, 2017",Kentucky,Franklin,"303 Pepper St",1,0,N/A
"September 21, 2017",Colorado,"Grand Junction","2100 block of N 17th Cir",1,0,N/A
"September 19, 2017",Texas,Manvel,"5000 block of CR 48",1,0,N/A
"September 17, 2017",Ohio,Fremont,"300 block of Jackson St",1,0,N/A
"September 16, 2017",Montana,Pablo,"Old US Hwy 93",1,0,N/A
"September 15, 2017","South Carolina",Hartsville,"Folly Rd",1,0,N/A
"September 14, 2017",Florida,Jacksonville,"4600 block of Ricker Road",1,0,N/A
"September 14, 2017",Missouri,Pineville,"Good Life Cir and Brush Creek Rd",1,0,N/A
"September 14, 2017",Florida,Tampa,N/A,1,0,N/A
"September 13, 2017","South Carolina",Starr,"Gentry Rd",1,0,N/A
"September 13, 2017",Oklahoma,Tulsa,"W 4th St and S 33rd W Ave",1,0,N/A
"September 12, 2017",California,Oakland,"7100 block of International Blvd",1,0,N/A
"September 11, 2017",Tennessee,Clarksville,"1768 Madison Street",1,0,N/A
"September 10, 2017",Ohio,Madison,"3800 block of Wade Rd",1,0,N/A
"September 9, 2017",Mississippi,"De Kalb","Bealman Road",1,0,N/A
"September 8, 2017",Alaska,Manokotak,N/A,1,0,N/A
"September 6, 2017","South Carolina",Columbia,"2400 block of Truax Ln",2,0,N/A
"September 3, 2017",Mississippi,"Horn Lake","Carroll Cove West",1,0,N/A
"September 2, 2017",Indiana,Hammond,"7200 block of Osborn Ave",2,0,N/A